<?xml version="1.0" ?>
<LOG_ROOT>
	<PROJECT NAME="Block1">
		<CBX_INST_ENTRY INSTANCE_NAME="|Block1|LPM_ROM:inst13|altrom:srom|altsyncram:rom_block" CBX_FILE_NAME="altsyncram_ki01.tdf"/>
		<CBX_INST_ENTRY INSTANCE_NAME="|Block1|altsqrt0:inst5|altsqrt:ALTSQRT_component|lpm_add_sub:subtractors[11]" CBX_FILE_NAME="add_sub_9mc.tdf"/>
		<CBX_INST_ENTRY INSTANCE_NAME="|Block1|altsqrt0:inst5|altsqrt:ALTSQRT_component|lpm_add_sub:subtractors[2]" CBX_FILE_NAME="add_sub_pkc.tdf"/>
		<CBX_INST_ENTRY INSTANCE_NAME="|Block1|altsqrt0:inst5|altsqrt:ALTSQRT_component|lpm_add_sub:subtractors[12]" CBX_FILE_NAME="add_sub_amc.tdf"/>
		<CBX_INST_ENTRY INSTANCE_NAME="|Block1|altsqrt0:inst5|altsqrt:ALTSQRT_component|lpm_add_sub:subtractors[3]" CBX_FILE_NAME="add_sub_qkc.tdf"/>
		<CBX_INST_ENTRY INSTANCE_NAME="|Block1|altsqrt0:inst5|altsqrt:ALTSQRT_component|lpm_add_sub:subtractors[0]" CBX_FILE_NAME="add_sub_mkc.tdf"/>
		<CBX_INST_ENTRY INSTANCE_NAME="|Block1|altsqrt0:inst5|altsqrt:ALTSQRT_component|lpm_add_sub:subtractors[13]" CBX_FILE_NAME="add_sub_bmc.tdf"/>
		<CBX_INST_ENTRY INSTANCE_NAME="|Block1|altsqrt0:inst5|altsqrt:ALTSQRT_component|lpm_add_sub:subtractors[4]" CBX_FILE_NAME="add_sub_rkc.tdf"/>
		<CBX_INST_ENTRY INSTANCE_NAME="|Block1|altsqrt0:inst5|altsqrt:ALTSQRT_component|lpm_add_sub:subtractors[8]" CBX_FILE_NAME="add_sub_6mc.tdf"/>
		<CBX_INST_ENTRY INSTANCE_NAME="|Block1|lpm_mult0:inst|lpm_mult:lpm_mult_component" CBX_FILE_NAME="mult_6bn.tdf"/>
		<CBX_INST_ENTRY INSTANCE_NAME="|Block1|altsqrt0:inst5|altsqrt:ALTSQRT_component|lpm_add_sub:subtractors[10]" CBX_FILE_NAME="add_sub_8mc.tdf"/>
		<CBX_INST_ENTRY INSTANCE_NAME="|Block1|altsqrt0:inst5|altsqrt:ALTSQRT_component|lpm_add_sub:subtractors[14]" CBX_FILE_NAME="add_sub_cmc.tdf"/>
		<CBX_INST_ENTRY INSTANCE_NAME="|Block1|altsqrt0:inst5|altsqrt:ALTSQRT_component|lpm_add_sub:subtractors[1]" CBX_FILE_NAME="add_sub_okc.tdf"/>
		<CBX_INST_ENTRY INSTANCE_NAME="|Block1|altsqrt0:inst5|altsqrt:ALTSQRT_component|lpm_add_sub:subtractors[5]" CBX_FILE_NAME="add_sub_skc.tdf"/>
		<CBX_INST_ENTRY INSTANCE_NAME="|Block1|altsqrt0:inst5|altsqrt:ALTSQRT_component|lpm_add_sub:subtractors[9]" CBX_FILE_NAME="add_sub_7mc.tdf"/>
		<CBX_INST_ENTRY INSTANCE_NAME="|Block1|lpm_add_sub0:inst1|lpm_add_sub:LPM_ADD_SUB_component" CBX_FILE_NAME="add_sub_plh.tdf"/>
		<CBX_INST_ENTRY INSTANCE_NAME="|Block1|lpm_counter0:inst3|lpm_counter:LPM_COUNTER_component" CBX_FILE_NAME="cntr_d4i.tdf"/>
		<CBX_INST_ENTRY INSTANCE_NAME="|Block1|lpm_counter1:inst11|lpm_counter:LPM_COUNTER_component" CBX_FILE_NAME="cntr_skh.tdf"/>
		<CBX_INST_ENTRY INSTANCE_NAME="|Block1|altsqrt0:inst5|altsqrt:ALTSQRT_component|lpm_add_sub:subtractors[15]" CBX_FILE_NAME="add_sub_dmc.tdf"/>
		<CBX_INST_ENTRY INSTANCE_NAME="|Block1|altsqrt0:inst5|altsqrt:ALTSQRT_component|lpm_add_sub:subtractors[6]" CBX_FILE_NAME="add_sub_tkc.tdf"/>
		<CBX_INST_ENTRY INSTANCE_NAME="|Block1|altsqrt0:inst5|altsqrt:ALTSQRT_component|lpm_add_sub:subtractors[7]" CBX_FILE_NAME="add_sub_5mc.tdf"/>
		<CBX_INST_ENTRY INSTANCE_NAME="|Block1|lpm_divide0:inst2|lpm_divide:LPM_DIVIDE_component" CBX_FILE_NAME="lpm_divide_gup.tdf"/>
	</PROJECT>
</LOG_ROOT>
